{
    "Albury": [-36.0804766, 146.9162795],
    "BadgerysCreek": [-33.8816671, 150.7441627],
    "Cobar": [-31.4983333, 145.8344444],
    "CoffsHarbour": [-30.2962407, 153.1135293],
    "Moree": [-29.4617202, 149.8407153],
    "Newcastle": [54.9738474, -1.6131572],
    "NorahHead": [-33.2816667, 151.5677778],
    "NorfolkIsland": [-29.0328038, 167.9483137],
    "Penrith": [54.6649465, -2.749059585987326],
    "Richmond": [37.5385087, -77.43428],
    "Sydney": [-33.8698439, 151.2082848],
    "SydneyAirport": [-33.9498935, 151.18196819346016],
    "WaggaWagga": [-35.115, 147.3677778],
    "Williamtown": [-32.815, 151.8427778],
    "Wollongong": [-34.4278083, 150.893054],
    "Canberra": [-35.2975906, 149.1012676],
    "Tuggeranong": [-35.4209771, 149.0921341],
    "MountGinini": [-35.5297437, 148.7725396],
    "Ballarat": [-37.5623013, 143.8605645],
    "Bendigo": [-36.7590183, 144.2826718],
    "Sale": [44.980656, 8.809348],
    "MelbourneAirport": [-37.6667554, 144.8288501411705],
    "Melbourne": [-37.8142454, 144.9631732],
    "Mildura": [-34.195274, 142.1503146],
    "Nhil": [-35.4713087, 141.3062355],
    "Portland": [45.5202471, -122.674194],
    "Watsonia": [-37.7109468, 145.0837808],
    "Dartmoor": [50.5657372, -3.90097323715792],
    "Brisbane": [-27.4689682, 153.0234991],
    "Cairns": [-16.9206657, 145.7721854],
    "GoldCoast": [-28.0023731, 153.4145987],
    "Townsville": [-19.2569391, 146.8239537],
    "Adelaide": [-34.9281805, 138.5999312],
    "MountGambier": [-37.8246698, 140.78195963207457],
    "Nuriootpa": [-34.4693354, 138.9939006],
    "Woomera": [-31.1999142, 136.8253532],
    "Albany": [42.6511674, -73.754968],
    "Witchcliffe": [-34.0263348, 115.1004768],
    "PearceRAAF": [51.4184206, -3.2632262],
    "PerthAirport": [-31.9406095, 115.96760765137932],
    "Perth": [-31.9558933, 115.8605855],
    "SalmonGums": [-32.9815167, 121.6440785],
    "Walpole": [42.1459019, -71.2538759],
    "Hobart": [-42.8825088, 147.3281233],
    "Launceston": [-41.4340813, 147.1373496],
    "AliceSprings": [-23.6983884, 133.8812885],
    "Darwin": [-12.46044, 130.8410469],
    "Katherine": [-14.4646157, 132.2635993],
    "Uluru": [-25.344857, 131.0325171]
}